scenario,policy_name,baseline_policy,mean_regret_diff,regret_diff_ci_low,regret_diff_ci_high,significant_at_alpha,n_seeds
baseline,epsilon_greedy,fixed_ab,-14.14999999999777,-23.101249999997133,-4.248749999999505,True,20
baseline,thompson_sampling,fixed_ab,-15.949999999996876,-19.752499999995553,-12.048749999997467,True,20
baseline,ucb1,fixed_ab,-3.4999999999989995,-4.899999999998803,-2.0987499999987898,True,20
large_gap,epsilon_greedy,fixed_ab,-402.7499999999457,-426.35874999994496,-375.24499999994504,True,20
large_gap,thompson_sampling,fixed_ab,-477.4499999999565,-484.051249999958,-470.1474999999558,True,20
large_gap,ucb1,fixed_ab,-288.54999999993294,-299.10124999993116,-278.5974999999314,True,20
small_gap,epsilon_greedy,fixed_ab,0.9000000000002032,-4.5012500000008435,6.499999999999368,False,20
small_gap,thompson_sampling,fixed_ab,-4.849999999999811,-7.54999999999916,-2.249999999999942,True,20
small_gap,ucb1,fixed_ab,-1.3999999999999422,-3.6012500000004204,0.8525000000001726,False,20
